"user_id","course_id","course_title","category_type","description","duration","rating","About_Course"
1,1,Belajar Pemrograman PHP Dasar,Informatika,Pemrograman PHP adalah bahasa pemrograman server-side yang digunakan untuk pengembangan web.,"00:01:00","20",Kursus ini mengajarkan dasar-dasar pemrograman PHP.
1,1,Belajar Pemrograman PHP Dasar,Informatika,Pemrograman PHP adalah bahasa pemrograman server-side yang digunakan untuk pengembangan web.,"00:01:00","40",Kursus ini mengajarkan dasar-dasar pemrograman PHP.
6,1,Belajar Pemrograman PHP Dasar,Informatika,Pemrograman PHP adalah bahasa pemrograman server-side yang digunakan untuk pengembangan web.,"00:01:00","20",Kursus ini mengajarkan dasar-dasar pemrograman PHP.
13,1,Belajar Pemrograman PHP Dasar,Informatika,Pemrograman PHP adalah bahasa pemrograman server-side yang digunakan untuk pengembangan web.,"00:01:00","80",Kursus ini mengajarkan dasar-dasar pemrograman PHP.
9,1,Belajar Pemrograman PHP Dasar,Informatika,Pemrograman PHP adalah bahasa pemrograman server-side yang digunakan untuk pengembangan web.,"00:01:00","60",Kursus ini mengajarkan dasar-dasar pemrograman PHP.
2,2,Struktur Bangunan untuk Pemula,Sipil,Struktur Bangunan adalah cabang ilmu teknik sipil yang mempelajari tentang konstruksi bangunan.,"00:01:00","60",Kursus ini mengajarkan dasar-dasar struktur bangunan.
2,2,Struktur Bangunan untuk Pemula,Sipil,Struktur Bangunan adalah cabang ilmu teknik sipil yang mempelajari tentang konstruksi bangunan.,"00:01:00","80",Kursus ini mengajarkan dasar-dasar struktur bangunan.
5,2,Struktur Bangunan untuk Pemula,Sipil,Struktur Bangunan adalah cabang ilmu teknik sipil yang mempelajari tentang konstruksi bangunan.,"00:01:00","40",Kursus ini mengajarkan dasar-dasar struktur bangunan.
14,2,Struktur Bangunan untuk Pemula,Sipil,Struktur Bangunan adalah cabang ilmu teknik sipil yang mempelajari tentang konstruksi bangunan.,"00:01:00","100",Kursus ini mengajarkan dasar-dasar struktur bangunan.
3,3,Dasar-Dasar Mesin Otomotif,Mesin,Mesin Otomotif adalah cabang teknik mesin yang mempelajari tentang mesin kendaraan bermotor.,"00:01:00","100",Kursus ini mengajarkan dasar-dasar mesin otomotif.
3,3,Dasar-Dasar Mesin Otomotif,Mesin,Mesin Otomotif adalah cabang teknik mesin yang mempelajari tentang mesin kendaraan bermotor.,"00:01:00","80",Kursus ini mengajarkan dasar-dasar mesin otomotif.
6,3,Dasar-Dasar Mesin Otomotif,Mesin,Mesin Otomotif adalah cabang teknik mesin yang mempelajari tentang mesin kendaraan bermotor.,"00:01:00","40",Kursus ini mengajarkan dasar-dasar mesin otomotif.
14,3,Dasar-Dasar Mesin Otomotif,Mesin,Mesin Otomotif adalah cabang teknik mesin yang mempelajari tentang mesin kendaraan bermotor.,"00:01:00","80",Kursus ini mengajarkan dasar-dasar mesin otomotif.
4,4,Jaringan Komputer Lanjutan,Informatika,Jaringan Komputer adalah sistem telekomunikasi yang memungkinkan komputer untuk saling berkomunikasi.,"00:01:00","60",Kursus ini mengajarkan jaringan komputer tingkat lanjut.
4,4,Jaringan Komputer Lanjutan,Informatika,Jaringan Komputer adalah sistem telekomunikasi yang memungkinkan komputer untuk saling berkomunikasi.,"00:01:00","40",Kursus ini mengajarkan jaringan komputer tingkat lanjut.
5,4,Jaringan Komputer Lanjutan,Informatika,Jaringan Komputer adalah sistem telekomunikasi yang memungkinkan komputer untuk saling berkomunikasi.,"00:01:00","60",Kursus ini mengajarkan jaringan komputer tingkat lanjut.
15,4,Jaringan Komputer Lanjutan,Informatika,Jaringan Komputer adalah sistem telekomunikasi yang memungkinkan komputer untuk saling berkomunikasi.,"00:01:00","60",Kursus ini mengajarkan jaringan komputer tingkat lanjut.
5,5,Teknik Pengelasan untuk Pemula,Mesin,Teknik Pengelasan adalah teknik dalam teknik mesin yang mempelajari proses penyambungan logam.,"00:01:00","20",Kursus ini mengajarkan dasar-dasar teknik pengelasan.
5,5,Teknik Pengelasan untuk Pemula,Mesin,Teknik Pengelasan adalah teknik dalam teknik mesin yang mempelajari proses penyambungan logam.,"00:01:00","40",Kursus ini mengajarkan dasar-dasar teknik pengelasan.
7,5,Teknik Pengelasan untuk Pemula,Mesin,Teknik Pengelasan adalah teknik dalam teknik mesin yang mempelajari proses penyambungan logam.,"00:01:00","60",Kursus ini mengajarkan dasar-dasar teknik pengelasan.
15,5,Teknik Pengelasan untuk Pemula,Mesin,Teknik Pengelasan adalah teknik dalam teknik mesin yang mempelajari proses penyambungan logam.,"00:01:00","40",Kursus ini mengajarkan dasar-dasar teknik pengelasan.
17,5,Teknik Pengelasan untuk Pemula,Mesin,Teknik Pengelasan adalah teknik dalam teknik mesin yang mempelajari proses penyambungan logam.,"00:01:00","80",Kursus ini mengajarkan dasar-dasar teknik pengelasan.
9,5,Teknik Pengelasan untuk Pemula,Mesin,Teknik Pengelasan adalah teknik dalam teknik mesin yang mempelajari proses penyambungan logam.,"00:01:00","40",Kursus ini mengajarkan dasar-dasar teknik pengelasan.
6,6,Teknik Jalan Raya,Sipil,"Teknik Jalan Raya adalah cabang teknik sipil yang mempelajari perencanaan, pembangunan, dan pemeliharaan jalan raya.","00:01:00","60",Kursus ini mengajarkan teknik dasar jalan raya.
6,6,Teknik Jalan Raya,Sipil,"Teknik Jalan Raya adalah cabang teknik sipil yang mempelajari perencanaan, pembangunan, dan pemeliharaan jalan raya.","00:01:00","80",Kursus ini mengajarkan teknik dasar jalan raya.
4,6,Teknik Jalan Raya,Sipil,"Teknik Jalan Raya adalah cabang teknik sipil yang mempelajari perencanaan, pembangunan, dan pemeliharaan jalan raya.","00:01:00","80",Kursus ini mengajarkan teknik dasar jalan raya.
16,6,Teknik Jalan Raya,Sipil,"Teknik Jalan Raya adalah cabang teknik sipil yang mempelajari perencanaan, pembangunan, dan pemeliharaan jalan raya.","00:01:00","20",Kursus ini mengajarkan teknik dasar jalan raya.
7,7,Pemrograman Java,Informatika,Pemrograman Java adalah bahasa pemrograman yang digunakan untuk mengembangkan aplikasi berbasis Java.,"00:01:00","100",Kursus ini mengajarkan dasar-dasar pemrograman Java.
7,7,Pemrograman Java,Informatika,Pemrograman Java adalah bahasa pemrograman yang digunakan untuk mengembangkan aplikasi berbasis Java.,"00:01:00","80",Kursus ini mengajarkan dasar-dasar pemrograman Java.
16,7,Pemrograman Java,Informatika,Pemrograman Java adalah bahasa pemrograman yang digunakan untuk mengembangkan aplikasi berbasis Java.,"00:01:00","40",Kursus ini mengajarkan dasar-dasar pemrograman Java.
10,7,Pemrograman Java,Informatika,Pemrograman Java adalah bahasa pemrograman yang digunakan untuk mengembangkan aplikasi berbasis Java.,"00:01:00","20",Kursus ini mengajarkan dasar-dasar pemrograman Java.
8,8,Manajemen Proyek Konstruksi,Sipil,"Manajemen Proyek Konstruksi adalah proses merencanakan, mengorganisir, dan mengawasi proyek konstruksi.","00:01:00","60",Kursus ini mengajarkan manajemen proyek konstruksi.
8,8,Manajemen Proyek Konstruksi,Sipil,"Manajemen Proyek Konstruksi adalah proses merencanakan, mengorganisir, dan mengawasi proyek konstruksi.","00:01:00","40",Kursus ini mengajarkan manajemen proyek konstruksi.
4,8,Manajemen Proyek Konstruksi,Sipil,"Manajemen Proyek Konstruksi adalah proses merencanakan, mengorganisir, dan mengawasi proyek konstruksi.","00:01:00","100",Kursus ini mengajarkan manajemen proyek konstruksi.
17,8,Manajemen Proyek Konstruksi,Sipil,"Manajemen Proyek Konstruksi adalah proses merencanakan, mengorganisir, dan mengawasi proyek konstruksi.","00:01:00","60",Kursus ini mengajarkan manajemen proyek konstruksi.
8,8,Manajemen Proyek Konstruksi,Sipil,"Manajemen Proyek Konstruksi adalah proses merencanakan, mengorganisir, dan mengawasi proyek konstruksi.","00:01:00","80",Kursus ini mengajarkan manajemen proyek konstruksi.
9,9,Perawatan Mesin Otomotif,Mesin,Perawatan Mesin Otomotif adalah proses merawat dan memperbaiki mesin kendaraan bermotor.,"00:01:00","20",Kursus ini mengajarkan cara merawat mesin otomotif.
9,9,Perawatan Mesin Otomotif,Mesin,Perawatan Mesin Otomotif adalah proses merawat dan memperbaiki mesin kendaraan bermotor.,"00:01:00","40",Kursus ini mengajarkan cara merawat mesin otomotif.
8,9,Perawatan Mesin Otomotif,Mesin,Perawatan Mesin Otomotif adalah proses merawat dan memperbaiki mesin kendaraan bermotor.,"00:01:00","100",Kursus ini mengajarkan cara merawat mesin otomotif.
10,10,Keamanan Jaringan,Informatika,Keamanan Jaringan adalah proses melindungi jaringan komputer dari berbagai ancaman.,"00:01:00","60",Kursus ini mengajarkan keamanan jaringan komputer.
10,10,Keamanan Jaringan,Informatika,Keamanan Jaringan adalah proses melindungi jaringan komputer dari berbagai ancaman.,"00:01:00","80",Kursus ini mengajarkan keamanan jaringan komputer.
3,10,Keamanan Jaringan,Informatika,Keamanan Jaringan adalah proses melindungi jaringan komputer dari berbagai ancaman.,"00:01:00","80",Kursus ini mengajarkan keamanan jaringan komputer.
11,11,Pengembangan Aplikasi Web dengan PHP,Informatika,Pengembangan aplikasi web menggunakan PHP mencakup berbagai teknik untuk membuat aplikasi web dinamis.,"00:01:00","100",Kursus ini mengajarkan cara mengembangkan aplikasi web menggunakan PHP.
11,11,Pengembangan Aplikasi Web dengan PHP,Informatika,Pengembangan aplikasi web menggunakan PHP mencakup berbagai teknik untuk membuat aplikasi web dinamis.,"00:01:00","80",Kursus ini mengajarkan cara mengembangkan aplikasi web menggunakan PHP.
8,11,Pengembangan Aplikasi Web dengan PHP,Informatika,Pengembangan aplikasi web menggunakan PHP mencakup berbagai teknik untuk membuat aplikasi web dinamis.,"00:01:00","80",Kursus ini mengajarkan cara mengembangkan aplikasi web menggunakan PHP.
12,12,Desain Struktur Beton,Sipil,Desain struktur beton mencakup perhitungan dan teknik untuk membangun struktur beton yang kuat.,"00:01:00","60",Kursus ini mengajarkan desain struktur beton.
3,12,Desain Struktur Beton,Sipil,Desain struktur beton mencakup perhitungan dan teknik untuk membangun struktur beton yang kuat.,"00:01:00","60",Kursus ini mengajarkan desain struktur beton.
18,12,Desain Struktur Beton,Sipil,Desain struktur beton mencakup perhitungan dan teknik untuk membangun struktur beton yang kuat.,"00:01:00","100",Kursus ini mengajarkan desain struktur beton.
12,13,Teknik Mesin Produksi,Mesin,Teknik Mesin Produksi mencakup proses produksi dan perawatan mesin industri.,"00:01:00","40",Kursus ini mengajarkan teknik mesin produksi.
9,13,Teknik Mesin Produksi,Mesin,Teknik Mesin Produksi mencakup proses produksi dan perawatan mesin industri.,"00:01:00","60",Kursus ini mengajarkan teknik mesin produksi.
2,13,Teknik Mesin Produksi,Mesin,Teknik Mesin Produksi mencakup proses produksi dan perawatan mesin industri.,"00:01:00","40",Kursus ini mengajarkan teknik mesin produksi.
13,14,Konfigurasi Jaringan Komputer,Informatika,Konfigurasi Jaringan Komputer mencakup teknik dan alat untuk mengkonfigurasi jaringan secara efektif.,"00:01:00","20",Kursus ini mengajarkan cara mengkonfigurasi jaringan komputer.
2,14,Konfigurasi Jaringan Komputer,Informatika,Konfigurasi Jaringan Komputer mencakup teknik dan alat untuk mengkonfigurasi jaringan secara efektif.,"00:01:00","40",Kursus ini mengajarkan cara mengkonfigurasi jaringan komputer.
13,15,Teknik Pengelasan Lanjutan,Mesin,Teknik Pengelasan Lanjutan mencakup teknik-teknik pengelasan yang lebih kompleks dan spesifik.,"00:01:00","40",Kursus ini mengajarkan teknik pengelasan lanjutan.
14,15,Teknik Pengelasan Lanjutan,Mesin,Teknik Pengelasan Lanjutan mencakup teknik-teknik pengelasan yang lebih kompleks dan spesifik.,"00:01:00","60",Kursus ini mengajarkan teknik pengelasan lanjutan.
9,15,Teknik Pengelasan Lanjutan,Mesin,Teknik Pengelasan Lanjutan mencakup teknik-teknik pengelasan yang lebih kompleks dan spesifik.,"00:01:00","40",Kursus ini mengajarkan teknik pengelasan lanjutan.
14,16,Perencanaan Jalan Raya,Sipil,Perencanaan Jalan Raya mencakup proses merencanakan dan merancang jalan raya yang efisien dan aman.,"00:01:00","80",Kursus ini mengajarkan perencanaan jalan raya.
15,16,Perencanaan Jalan Raya,Sipil,Perencanaan Jalan Raya mencakup proses merencanakan dan merancang jalan raya yang efisien dan aman.,"00:01:00","100",Kursus ini mengajarkan perencanaan jalan raya.
2,16,Perencanaan Jalan Raya,Sipil,Perencanaan Jalan Raya mencakup proses merencanakan dan merancang jalan raya yang efisien dan aman.,"00:01:00","20",Kursus ini mengajarkan perencanaan jalan raya.
15,17,Pengembangan Aplikasi Android dengan Java,Informatika,Pengembangan aplikasi Android dengan Java memungkinkan pembuatan aplikasi yang dapat dijalankan pada perangkat Android.,"00:01:00","80",Kursus ini mengajarkan cara mengembangkan aplikasi Android menggunakan bahasa pemrograman Java.
16,17,Pengembangan Aplikasi Android dengan Java,Informatika,Pengembangan aplikasi Android dengan Java memungkinkan pembuatan aplikasi yang dapat dijalankan pada perangkat Android.,"00:01:00","100",Kursus ini mengajarkan cara mengembangkan aplikasi Android menggunakan bahasa pemrograman Java.
10,17,Pengembangan Aplikasi Android dengan Java,Informatika,Pengembangan aplikasi Android dengan Java memungkinkan pembuatan aplikasi yang dapat dijalankan pada perangkat Android.,"00:01:00","20",Kursus ini mengajarkan cara mengembangkan aplikasi Android menggunakan bahasa pemrograman Java.
16,18,Desain Struktur Baja,Sipil,Desain Struktur Baja mencakup perhitungan dan teknik untuk membangun struktur baja yang kokoh dan efisien.,"00:01:00","80",Kursus ini mengajarkan desain struktur baja.
17,18,Desain Struktur Baja,Sipil,Desain Struktur Baja mencakup perhitungan dan teknik untuk membangun struktur baja yang kokoh dan efisien.,"00:01:00","60",Kursus ini mengajarkan desain struktur baja.
1,18,Desain Struktur Baja,Sipil,Desain Struktur Baja mencakup perhitungan dan teknik untuk membangun struktur baja yang kokoh dan efisien.,"00:01:00","40",Kursus ini mengajarkan desain struktur baja.
17,19,Pemrograman Python untuk Pemula,Informatika,Pemrograman Python adalah bahasa pemrograman yang mudah dipelajari dan sering digunakan dalam pengembangan perangkat lunak.,"00:01:00","40",Kursus ini mengajarkan dasar-dasar pemrograman Python.
18,19,Pemrograman Python untuk Pemula,Informatika,Pemrograman Python adalah bahasa pemrograman yang mudah dipelajari dan sering digunakan dalam pengembangan perangkat lunak.,"00:01:00","20",Kursus ini mengajarkan dasar-dasar pemrograman Python.
10,19,Pemrograman Python untuk Pemula,Informatika,Pemrograman Python adalah bahasa pemrograman yang mudah dipelajari dan sering digunakan dalam pengembangan perangkat lunak.,"00:01:00","40",Kursus ini mengajarkan dasar-dasar pemrograman Python.
18,20,Manajemen Konstruksi,Sipil,"Manajemen Konstruksi melibatkan perencanaan, pengawasan, dan pengendalian proyek konstruksi secara efektif.","00:01:00","40",Kursus ini mengajarkan manajemen konstruksi.
19,20,Manajemen Konstruksi,Sipil,"Manajemen Konstruksi melibatkan perencanaan, pengawasan, dan pengendalian proyek konstruksi secara efektif.","00:01:00","60",Kursus ini mengajarkan manajemen konstruksi.
20,20,Manajemen Konstruksi,Sipil,"Manajemen Konstruksi melibatkan perencanaan, pengawasan, dan pengendalian proyek konstruksi secara efektif.","00:01:00","20",Kursus ini mengajarkan manajemen konstruksi.
19,21,Dasar-Dasar Sistem Operasi,Informatika,Dasar-Dasar Sistem Operasi mencakup konsep-konsep dasar dan fungsi-fungsi sistem operasi.,"00:01:00","80",Kursus ini mengajarkan dasar-dasar sistem operasi.
20,21,Dasar-Dasar Sistem Operasi,Informatika,Dasar-Dasar Sistem Operasi mencakup konsep-konsep dasar dan fungsi-fungsi sistem operasi.,"00:01:00","100",Kursus ini mengajarkan dasar-dasar sistem operasi.
11,21,Dasar-Dasar Sistem Operasi,Informatika,Dasar-Dasar Sistem Operasi mencakup konsep-konsep dasar dan fungsi-fungsi sistem operasi.,"00:01:00","60",Kursus ini mengajarkan dasar-dasar sistem operasi.
4,21,Dasar-Dasar Sistem Operasi,Informatika,Dasar-Dasar Sistem Operasi mencakup konsep-konsep dasar dan fungsi-fungsi sistem operasi.,"00:01:00","80",Kursus ini mengajarkan dasar-dasar sistem operasi.
5,21,Dasar-Dasar Sistem Operasi,Informatika,Dasar-Dasar Sistem Operasi mencakup konsep-konsep dasar dan fungsi-fungsi sistem operasi.,"00:01:00","60",Kursus ini mengajarkan dasar-dasar sistem operasi.
20,22,Arsitektur Bangunan Modern,Sipil,Arsitektur Bangunan Modern mencakup desain dan konstruksi bangunan yang modern dan inovatif.,"00:01:00","80",Kursus ini mengajarkan arsitektur bangunan modern.
1,22,Arsitektur Bangunan Modern,Sipil,Arsitektur Bangunan Modern mencakup desain dan konstruksi bangunan yang modern dan inovatif.,"00:01:00","60",Kursus ini mengajarkan arsitektur bangunan modern.
11,23,Pemrograman JavaScript untuk Web,Informatika,Pemrograman JavaScript adalah bahasa pemrograman yang sering digunakan dalam pengembangan web.,"00:01:00","80",Kursus ini mengajarkan pemrograman JavaScript untuk pengembangan web.
8,24,Pengelolaan Proyek Konstruksi,Sipil,"Pengelolaan Proyek Konstruksi melibatkan perencanaan, pengawasan, dan pengendalian proyek konstruksi secara efektif dan efisien.","00:01:00","100",Kursus ini mengajarkan pengelolaan proyek konstruksi.
16,24,Pengelolaan Proyek Konstruksi,Sipil,"Pengelolaan Proyek Konstruksi melibatkan perencanaan, pengawasan, dan pengendalian proyek konstruksi secara efektif dan efisien.","00:01:00","40",Kursus ini mengajarkan pengelolaan proyek konstruksi.
3,24,Pengelolaan Proyek Konstruksi,Sipil,"Pengelolaan Proyek Konstruksi melibatkan perencanaan, pengawasan, dan pengendalian proyek konstruksi secara efektif dan efisien.","00:01:00","60",Kursus ini mengajarkan pengelolaan proyek konstruksi.
12,25,Dasar-Dasar Keamanan Informasi,Informatika,Dasar-Dasar Keamanan Informasi mencakup konsep dasar tentang keamanan informasi dan teknik-teknik untuk melindungi informasi dari ancaman.,"00:01:00","100",Kursus ini mengajarkan dasar-dasar keamanan informasi.
5,26,Desain Interior,Sipil,Desain Interior mencakup konsep dan teknik untuk merancang ruang interior yang estetis dan fungsional.,"00:01:00","40",Kursus ini mengajarkan desain interior.
12,27,Pemrograman C++ untuk Pemula,Informatika,Pemrograman C++ adalah bahasa pemrograman yang sering digunakan dalam pengembangan perangkat lunak.,"00:01:00","80",Kursus ini mengajarkan dasar-dasar pemrograman C++.
6,27,Pemrograman C++ untuk Pemula,Informatika,Pemrograman C++ adalah bahasa pemrograman yang sering digunakan dalam pengembangan perangkat lunak.,"00:01:00","20",Kursus ini mengajarkan dasar-dasar pemrograman C++.
6,28,Manajemen Proyek Teknologi Informasi,Informatika,"Manajemen Proyek Teknologi Informasi melibatkan perencanaan, pengawasan, dan pengendalian proyek TI secara efektif.","00:01:00","40",Kursus ini mengajarkan manajemen proyek teknologi informasi.
13,29,Mekanika Fluida,Mesin,Mekanika Fluida adalah cabang ilmu teknik yang mempelajari perilaku fluida dalam kondisi tertentu.,"00:01:00","60",Kursus ini mengajarkan dasar-dasar mekanika fluida.
7,29,Mekanika Fluida,Mesin,Mekanika Fluida adalah cabang ilmu teknik yang mempelajari perilaku fluida dalam kondisi tertentu.,"00:01:00","60",Kursus ini mengajarkan dasar-dasar mekanika fluida.
7,30,Pemrograman Frontend dengan React,Informatika,Pemrograman Frontend dengan React mencakup pengembangan aplikasi web yang responsif dan interaktif menggunakan library React.,"00:01:00","80",Kursus ini mengajarkan pemrograman frontend menggunakan React.
20,30,Pemrograman Frontend dengan React,Informatika,Pemrograman Frontend dengan React mencakup pengembangan aplikasi web yang responsif dan interaktif menggunakan library React.,"00:01:00","40",Kursus ini mengajarkan pemrograman frontend menggunakan React.
13,31,Teknik Konstruksi Bangunan,Sipil,Teknik Konstruksi Bangunan mencakup teknik-teknik untuk merencanakan dan membangun bangunan secara efektif.,"00:01:00","40",Kursus ini mengajarkan teknik konstruksi bangunan.
8,31,Teknik Konstruksi Bangunan,Sipil,Teknik Konstruksi Bangunan mencakup teknik-teknik untuk merencanakan dan membangun bangunan secara efektif.,"00:01:00","100",Kursus ini mengajarkan teknik konstruksi bangunan.
8,32,Pengenalan Teknologi Cloud,Informatika,Pengenalan Teknologi Cloud mencakup konsep-konsep dasar dan manfaat dari teknologi cloud.,"00:01:00","80",Kursus ini mengajarkan pengenalan tentang teknologi cloud.
14,33,Desain Arsitektur Rumah,Sipil,Desain Arsitektur Rumah mencakup perencanaan dan desain rumah yang sesuai dengan kebutuhan dan preferensi.,"00:01:00","20",Kursus ini mengajarkan desain arsitektur rumah.
9,33,Desain Arsitektur Rumah,Sipil,Desain Arsitektur Rumah mencakup perencanaan dan desain rumah yang sesuai dengan kebutuhan dan preferensi.,"00:01:00","60",Kursus ini mengajarkan desain arsitektur rumah.
9,34,Pemrograman Back-end dengan Node.js,Informatika,Pemrograman Back-end dengan Node.js mencakup pengembangan aplikasi server-side menggunakan runtime JavaScript Node.js.,"00:01:00","40",Kursus ini mengajarkan pemrograman back-end menggunakan Node.js.
18,34,Pemrograman Back-end dengan Node.js,Informatika,Pemrograman Back-end dengan Node.js mencakup pengembangan aplikasi server-side menggunakan runtime JavaScript Node.js.,"00:01:00","80",Kursus ini mengajarkan pemrograman back-end menggunakan Node.js.
14,35,Analisis Struktur Bangunan,Sipil,Analisis Struktur Bangunan mencakup metode dan teknik untuk menganalisis kekuatan dan kestabilan struktur bangunan.,"00:01:00","40",Kursus ini mengajarkan analisis struktur bangunan.
19,35,Analisis Struktur Bangunan,Sipil,Analisis Struktur Bangunan mencakup metode dan teknik untuk menganalisis kekuatan dan kestabilan struktur bangunan.,"00:01:00","60",Kursus ini mengajarkan analisis struktur bangunan.
10,35,Analisis Struktur Bangunan,Sipil,Analisis Struktur Bangunan mencakup metode dan teknik untuk menganalisis kekuatan dan kestabilan struktur bangunan.,"00:01:00","20",Kursus ini mengajarkan analisis struktur bangunan.
18,35,Analisis Struktur Bangunan,Sipil,Analisis Struktur Bangunan mencakup metode dan teknik untuk menganalisis kekuatan dan kestabilan struktur bangunan.,"00:01:00","100",Kursus ini mengajarkan analisis struktur bangunan.
3,36,Pengantar Ilmu Data,Informatika,"Pengantar Ilmu Data mencakup konsep dasar statistik, pemrograman, dan analisis data.","00:01:00","80",Kursus ini mengajarkan dasar-dasar ilmu data.
10,36,Pengantar Ilmu Data,Informatika,"Pengantar Ilmu Data mencakup konsep dasar statistik, pemrograman, dan analisis data.","00:01:00","40",Kursus ini mengajarkan dasar-dasar ilmu data.
15,37,Teknik Elektro Dasar,Mesin,Teknik Elektro Dasar mencakup konsep-konsep dasar elektronika dan elektrikal.,"00:01:00","60",Kursus ini mengajarkan dasar-dasar teknik elektro.
11,37,Teknik Elektro Dasar,Mesin,Teknik Elektro Dasar mencakup konsep-konsep dasar elektronika dan elektrikal.,"00:01:00","60",Kursus ini mengajarkan dasar-dasar teknik elektro.
5,37,Teknik Elektro Dasar,Mesin,Teknik Elektro Dasar mencakup konsep-konsep dasar elektronika dan elektrikal.,"00:01:00","40",Kursus ini mengajarkan dasar-dasar teknik elektro.
11,38,Pemrograman Mobile dengan Swift,Informatika,Pemrograman Mobile dengan Swift mencakup pengembangan aplikasi iOS yang efektif dan efisien.,"00:01:00","40",Kursus ini mengajarkan pemrograman mobile menggunakan Swift.
11,38,Pemrograman Mobile dengan Swift,Informatika,Pemrograman Mobile dengan Swift mencakup pengembangan aplikasi iOS yang efektif dan efisien.,"00:01:00","60",Kursus ini mengajarkan pemrograman mobile menggunakan Swift.
15,39,Pengenalan Kecerdasan Buatan,Informatika,Pengenalan Kecerdasan Buatan mencakup konsep dasar AI dan penggunaannya dalam berbagai bidang.,"00:01:00","80",Kursus ini mengajarkan dasar-dasar kecerdasan buatan.
12,39,Pengenalan Kecerdasan Buatan,Informatika,Pengenalan Kecerdasan Buatan mencakup konsep dasar AI dan penggunaannya dalam berbagai bidang.,"00:01:00","20",Kursus ini mengajarkan dasar-dasar kecerdasan buatan.
12,40,Pemrograman Web dengan PHP,Informatika,Pemrograman Web dengan PHP mencakup pembuatan website dinamis menggunakan PHP dan MySQL.,"00:01:00","40",Kursus ini mengajarkan pemrograman web menggunakan PHP.
1,40,Pemrograman Web dengan PHP,Informatika,Pemrograman Web dengan PHP mencakup pembuatan website dinamis menggunakan PHP dan MySQL.,"00:01:00","60",Kursus ini mengajarkan pemrograman web menggunakan PHP.
16,41,Seni Lukis untuk Pemula,Sipil,Seni Lukis untuk Pemula mencakup teknik dasar melukis dengan berbagai media.,"00:01:00","100",Kursus ini mengajarkan dasar-dasar seni lukis.
13,41,Seni Lukis untuk Pemula,Sipil,Seni Lukis untuk Pemula mencakup teknik dasar melukis dengan berbagai media.,"00:01:00","60",Kursus ini mengajarkan dasar-dasar seni lukis.
1,42,Dasar-dasar Fotografi,Mesin,"Dasar-dasar Fotografi mencakup penggunaan kamera, komposisi, dan teknik pencahayaan.","00:01:00","60",Kursus ini mengajarkan dasar-dasar fotografi.
13,42,Dasar-dasar Fotografi,Mesin,"Dasar-dasar Fotografi mencakup penggunaan kamera, komposisi, dan teknik pencahayaan.","00:01:00","80",Kursus ini mengajarkan dasar-dasar fotografi.
4,42,Dasar-dasar Fotografi,Mesin,"Dasar-dasar Fotografi mencakup penggunaan kamera, komposisi, dan teknik pencahayaan.","00:01:00","80",Kursus ini mengajarkan dasar-dasar fotografi.
16,43,Pengantar Biologi Molekuler,Informatika,Pengantar Biologi Molekuler mencakup konsep dasar genetika dan biokimia.,"00:01:00","80",Kursus ini mengajarkan dasar-dasar biologi molekuler.
14,43,Pengantar Biologi Molekuler,Informatika,Pengantar Biologi Molekuler mencakup konsep dasar genetika dan biokimia.,"00:01:00","100",Kursus ini mengajarkan dasar-dasar biologi molekuler.
14,44,Pengembangan Game dengan Unity,Informatika,Pengembangan Game dengan Unity mencakup pembuatan game 2D dan 3D menggunakan Unity Engine.,"00:01:00","80",Kursus ini mengajarkan pengembangan game menggunakan Unity.
17,45,Pengantar Sosiologi,Mesin,"Pengantar Sosiologi mencakup studi tentang masyarakat, struktur sosial, dan dinamika sosial.","00:01:00","60",Kursus ini mengajarkan dasar-dasar sosiologi.
18,45,Pengantar Sosiologi,Mesin,"Pengantar Sosiologi mencakup studi tentang masyarakat, struktur sosial, dan dinamika sosial.","00:01:00","80",Kursus ini mengajarkan dasar-dasar sosiologi.
19,45,Pengantar Sosiologi,Mesin,"Pengantar Sosiologi mencakup studi tentang masyarakat, struktur sosial, dan dinamika sosial.","00:01:00","40",Kursus ini mengajarkan dasar-dasar sosiologi.
15,45,Pengantar Sosiologi,Mesin,"Pengantar Sosiologi mencakup studi tentang masyarakat, struktur sosial, dan dinamika sosial.","00:01:00","60",Kursus ini mengajarkan dasar-dasar sosiologi.
7,45,Pengantar Sosiologi,Mesin,"Pengantar Sosiologi mencakup studi tentang masyarakat, struktur sosial, dan dinamika sosial.","00:01:00","60",Kursus ini mengajarkan dasar-dasar sosiologi.
10,45,Pengantar Sosiologi,Mesin,"Pengantar Sosiologi mencakup studi tentang masyarakat, struktur sosial, dan dinamika sosial.","00:01:00","40",Kursus ini mengajarkan dasar-dasar sosiologi.
15,46,Manajemen Keuangan Pribadi,Sipil,"Manajemen Keuangan Pribadi mencakup dasar-dasar perencanaan keuangan, anggaran, dan pengelolaan utang.","00:01:00","40",Kursus ini mengajarkan manajemen keuangan pribadi.
19,46,Manajemen Keuangan Pribadi,Sipil,"Manajemen Keuangan Pribadi mencakup dasar-dasar perencanaan keuangan, anggaran, dan pengelolaan utang.","00:01:00","40",Kursus ini mengajarkan manajemen keuangan pribadi.
17,47,Dasar-dasar Kewirausahaan,Informatika,Dasar-dasar Kewirausahaan mencakup konsep-konsep penting dalam memulai dan mengelola bisnis baru.,"00:01:00","40",Kursus ini mengajarkan dasar-dasar kewirausahaan.
16,47,Dasar-dasar Kewirausahaan,Informatika,Dasar-dasar Kewirausahaan mencakup konsep-konsep penting dalam memulai dan mengelola bisnis baru.,"00:01:00","20",Kursus ini mengajarkan dasar-dasar kewirausahaan.
16,48,Pengantar Etika,Mesin,"Pengantar Etika membahas konsep-konsep moralitas, nilai, dan prinsip-prinsip etika yang berlaku dalam berbagai konteks.","00:01:00","40",Kursus ini mengajarkan dasar-dasar etika.
18,49,Pengantar Sejarah,Informatika,Pengantar Sejarah membahas peristiwa-peristiwa penting dalam perkembangan manusia dan masyarakat.,"00:01:00","20",Kursus ini mengajarkan dasar-dasar sejarah.
17,49,Pengantar Sejarah,Informatika,Pengantar Sejarah membahas peristiwa-peristiwa penting dalam perkembangan manusia dan masyarakat.,"00:01:00","60",Kursus ini mengajarkan dasar-dasar sejarah.
17,50,Dasar-dasar Pemasaran,Sipil,Dasar-dasar Pemasaran membahas konsep-konsep dasar pemasaran produk dan layanan.,"00:01:00","80",Kursus ini mengajarkan dasar-dasar pemasaran.
18,51,Pengantar Ekonomi,Mesin,"Pengantar Ekonomi membahas konsep-konsep dasar tentang produksi, distribusi, dan konsumsi barang dan jasa.","00:01:00","40",Kursus ini mengajarkan dasar-dasar ekonomi.
18,51,Pengantar Ekonomi,Mesin,"Pengantar Ekonomi membahas konsep-konsep dasar tentang produksi, distribusi, dan konsumsi barang dan jasa.","00:01:00","100",Kursus ini mengajarkan dasar-dasar ekonomi.
18,52,Pengantar Antropologi,Informatika,"Pengantar Antropologi membahas berbagai aspek tentang manusia, budaya, dan masyarakat.","00:01:00","80",Kursus ini mengajarkan dasar-dasar antropologi.
19,53,Pengantar Politik,Sipil,"Pengantar Politik membahas konsep-konsep dasar tentang kekuasaan, pemerintahan, dan sistem politik.","00:01:00","60",Kursus ini mengajarkan dasar-dasar politik.
5,54,Pengantar Hukum,Mesin,"Pengantar Hukum membahas konsep-konsep dasar tentang hukum, keadilan, dan sistem peradilan.","00:01:00","60",Kursus ini mengajarkan dasar-dasar hukum.
19,54,Pengantar Hukum,Mesin,"Pengantar Hukum membahas konsep-konsep dasar tentang hukum, keadilan, dan sistem peradilan.","00:01:00","40",Kursus ini mengajarkan dasar-dasar hukum.
19,55,Pengantar Ilmu Komunikasi,Informatika,"Pengantar Ilmu Komunikasi membahas konsep-konsep dasar tentang komunikasi interpersonal, massa, dan organisasi.","00:01:00","80",Kursus ini mengajarkan dasar-dasar ilmu komunikasi.
20,55,Pengantar Ilmu Komunikasi,Informatika,"Pengantar Ilmu Komunikasi membahas konsep-konsep dasar tentang komunikasi interpersonal, massa, dan organisasi.","00:01:00","20",Kursus ini mengajarkan dasar-dasar ilmu komunikasi.
2,56,Pengantar Kajian Budaya,Informatika,"Pengantar Ilmu Komunikasi membahas konsep-konsep dasar tentang komunikasi interpersonal, massa, dan organisasi.","00:01:00","20",Kursus ini mengajarkan dasar-dasar kajian budaya.
20,56,Pengantar Kajian Budaya,Informatika,"Pengantar Ilmu Komunikasi membahas konsep-konsep dasar tentang komunikasi interpersonal, massa, dan organisasi.","00:01:00","40",Kursus ini mengajarkan dasar-dasar kajian budaya.
20,57,Pengantar Literatur,Mesin,Pengantar Literatur membahas konsep-konsep dasar tentang sastra dan kritik sastra.,"00:01:00","100",Kursus ini mengajarkan dasar-dasar literatur.
20,57,Pengantar Literatur,Mesin,Pengantar Literatur membahas konsep-konsep dasar tentang sastra dan kritik sastra.,"00:01:00","20",Kursus ini mengajarkan dasar-dasar literatur.
1,57,Pengantar Literatur,Mesin,Pengantar Literatur membahas konsep-konsep dasar tentang sastra dan kritik sastra.,"00:01:00","60",Kursus ini mengajarkan dasar-dasar literatur.
13,57,Pengantar Literatur,Mesin,Pengantar Literatur membahas konsep-konsep dasar tentang sastra dan kritik sastra.,"00:01:00","60",Kursus ini mengajarkan dasar-dasar literatur.
17,57,Pengantar Literatur,Mesin,Pengantar Literatur membahas konsep-konsep dasar tentang sastra dan kritik sastra.,"00:01:00","60",Kursus ini mengajarkan dasar-dasar literatur.
1,58,Pengantar Filsafat,Informatika,"Pengantar Filsafat membahas konsep-konsep dasar tentang pengetahuan, kebenaran, dan eksistensi.","00:01:00","40",Kursus ini mengajarkan dasar-dasar filsafat.
20,59,Dasar-dasar Seni Pertunjukan,Sipil,"Dasar-dasar Seni Pertunjukan membahas teater, tari, dan musik sebagai bentuk-bentuk seni pertunjukan.","00:01:00","80",Kursus ini mengajarkan dasar-dasar seni pertunjukan.
2,59,Dasar-dasar Seni Pertunjukan,Sipil,"Dasar-dasar Seni Pertunjukan membahas teater, tari, dan musik sebagai bentuk-bentuk seni pertunjukan.","00:01:00","20",Kursus ini mengajarkan dasar-dasar seni pertunjukan.
2,60,Pengantar Arkeologi,Mesin,Pengantar Arkeologi membahas konsep-konsep dasar tentang penelitian dan interpretasi artefak dan situs arkeologis.,"00:01:00","40",Kursus ini mengajarkan dasar-dasar arkeologi.
1,61,Dasar-dasar Ilmu Politik,Informatika,"Dasar-dasar Ilmu Politik membahas konsep-konsep dasar tentang negara, kebijakan publik, dan sistem politik.","00:01:00","60",Kursus ini mengajarkan dasar-dasar ilmu politik.
3,61,Dasar-dasar Ilmu Politik,Informatika,"Dasar-dasar Ilmu Politik membahas konsep-konsep dasar tentang negara, kebijakan publik, dan sistem politik.","00:01:00","60",Kursus ini mengajarkan dasar-dasar ilmu politik.
3,62,Pengantar Astronomi,Sipil,"Pengantar Astronomi membahas konsep-konsep dasar tentang alam semesta, bintang, dan planet.","00:01:00","80",Kursus ini mengajarkan dasar-dasar astronomi.
1,63,Pengantar Geografi,Mesin,"Pengantar Geografi membahas konsep-konsep dasar tentang bumi, lingkungan, dan fenomena geografis.","00:01:00","40",Kursus ini mengajarkan dasar-dasar geografi.
4,63,Pengantar Geografi,Mesin,"Pengantar Geografi membahas konsep-konsep dasar tentang bumi, lingkungan, dan fenomena geografis.","00:01:00","100",Kursus ini mengajarkan dasar-dasar geografi.
4,64,Pengantar Fisika,Informatika,"Pengantar Fisika membahas konsep-konsep dasar tentang materi, gerak, dan energi.","00:01:00","80",Kursus ini mengajarkan dasar-dasar fisika.
2,65,Dasar-dasar Kimia,Sipil,"Dasar-dasar Kimia membahas konsep-konsep dasar tentang struktur, sifat, dan reaksi zat.","00:01:00","20",Kursus ini mengajarkan dasar-dasar kimia.
3,65,Dasar-dasar Kimia,Sipil,"Dasar-dasar Kimia membahas konsep-konsep dasar tentang struktur, sifat, dan reaksi zat.","00:01:00","60",Kursus ini mengajarkan dasar-dasar kimia.
5,65,Dasar-dasar Kimia,Sipil,"Dasar-dasar Kimia membahas konsep-konsep dasar tentang struktur, sifat, dan reaksi zat.","00:01:00","60",Kursus ini mengajarkan dasar-dasar kimia.
5,66,Pengantar Biologi,Mesin,"Pengantar Biologi membahas konsep-konsep dasar tentang kehidupan, organisme, dan lingkungan.","00:01:00","40",Kursus ini mengajarkan dasar-dasar biologi.
2,67,Pengantar Matematika,Informatika,"Pengantar Matematika membahas konsep-konsep dasar tentang angka, hitungan, dan pola.","00:01:00","40",Kursus ini mengajarkan dasar-dasar matematika.
6,67,Pengantar Matematika,Informatika,"Pengantar Matematika membahas konsep-konsep dasar tentang angka, hitungan, dan pola.","00:01:00","20",Kursus ini mengajarkan dasar-dasar matematika.
13,67,Pengantar Matematika,Informatika,"Pengantar Matematika membahas konsep-konsep dasar tentang angka, hitungan, dan pola.","00:01:00","80",Kursus ini mengajarkan dasar-dasar matematika.
6,68,Dasar-dasar Teknologi Informasi,Sipil,"Dasar-dasar Teknologi Informasi membahas konsep-konsep dasar tentang komputer, jaringan, dan sistem informasi.","00:01:00","40",Kursus ini mengajarkan dasar-dasar teknologi informasi.
7,68,Dasar-dasar Teknologi Informasi,Sipil,"Dasar-dasar Teknologi Informasi membahas konsep-konsep dasar tentang komputer, jaringan, dan sistem informasi.","00:01:00","80",Kursus ini mengajarkan dasar-dasar teknologi informasi.
2,68,Dasar-dasar Teknologi Informasi,Sipil,"Dasar-dasar Teknologi Informasi membahas konsep-konsep dasar tentang komputer, jaringan, dan sistem informasi.","00:01:00","20",Kursus ini mengajarkan dasar-dasar teknologi informasi.
3,69,Pengantar Sains Komputer,Mesin,"Pengantar Sains Komputer membahas konsep-konsep dasar tentang pemrograman, algoritma, dan struktur data.","00:01:00","60",Kursus ini mengajarkan dasar-dasar sains komputer.
7,69,Pengantar Sains Komputer,Mesin,"Pengantar Sains Komputer membahas konsep-konsep dasar tentang pemrograman, algoritma, dan struktur data.","00:01:00","60",Kursus ini mengajarkan dasar-dasar sains komputer.
7,70,Pengantar Teknologi Web,Informatika,"Pengantar Teknologi Web membahas konsep-konsep dasar tentang HTML, CSS, dan JavaScript.","00:01:00","80",Kursus ini mengajarkan dasar-dasar teknologi web.
1,70,Pengantar Teknologi Web,Informatika,"Pengantar Teknologi Web membahas konsep-konsep dasar tentang HTML, CSS, dan JavaScript.","00:01:00","40",Kursus ini mengajarkan dasar-dasar teknologi web.
3,71,Pengantar Sistem Operasi,Sipil,Pengantar Sistem Operasi membahas konsep-konsep dasar tentang manajemen sumber daya komputer dan antarmuka pengguna.,"00:01:00","80",Kursus ini mengajarkan dasar-dasar sistem operasi.
8,71,Pengantar Sistem Operasi,Sipil,Pengantar Sistem Operasi membahas konsep-konsep dasar tentang manajemen sumber daya komputer dan antarmuka pengguna.,"00:01:00","100",Kursus ini mengajarkan dasar-dasar sistem operasi.
8,72,Pengantar Jaringan Komputer,Mesin,"Pengantar Jaringan Komputer membahas konsep-konsep dasar tentang topologi jaringan, protokol komunikasi, dan keamanan jaringan.","00:01:00","80",Kursus ini mengajarkan dasar-dasar jaringan komputer.
4,73,Pengantar Basis Data,Informatika,Pengantar Basis Data membahas konsep-konsep dasar tentang pengelolaan dan manipulasi data dalam basis data.,"00:01:00","100",Kursus ini mengajarkan dasar-dasar basis data.
9,73,Pengantar Basis Data,Informatika,Pengantar Basis Data membahas konsep-konsep dasar tentang pengelolaan dan manipulasi data dalam basis data.,"00:01:00","60",Kursus ini mengajarkan dasar-dasar basis data.
9,74,Pengantar Kecerdasan Buatan,Sipil,"Pengantar Kecerdasan Buatan membahas konsep-konsep dasar tentang pembelajaran mesin, pengolahan bahasa alami, dan pengenalan pola.","00:01:00","40",Kursus ini mengajarkan dasar-dasar kecerdasan buatan.
4,75,Pengantar Pengembangan Perangkat Lunak,Mesin,"Pengantar Pengembangan Perangkat Lunak membahas konsep-konsep dasar tentang siklus hidup pengembangan perangkat lunak, metode pengembangan, dan manajemen proyek.","00:01:00","80",Kursus ini mengajarkan dasar-dasar pengembangan perangkat lunak.
1,75,Pengantar Pengembangan Perangkat Lunak,Mesin,"Pengantar Pengembangan Perangkat Lunak membahas konsep-konsep dasar tentang siklus hidup pengembangan perangkat lunak, metode pengembangan, dan manajemen proyek.","00:01:00","40",Kursus ini mengajarkan dasar-dasar pengembangan perangkat lunak.
10,75,Pengantar Pengembangan Perangkat Lunak,Mesin,"Pengantar Pengembangan Perangkat Lunak membahas konsep-konsep dasar tentang siklus hidup pengembangan perangkat lunak, metode pengembangan, dan manajemen proyek.","00:01:00","20",Kursus ini mengajarkan dasar-dasar pengembangan perangkat lunak.
10,76,Pengantar Pengujian Perangkat Lunak,Informatika,"Pengantar Pengujian Perangkat Lunak membahas konsep-konsep dasar tentang metode pengujian, strategi pengujian, dan alat pengujian.","00:01:00","40",Kursus ini mengajarkan dasar-dasar pengujian perangkat lunak.
19,76,Pengantar Pengujian Perangkat Lunak,Informatika,"Pengantar Pengujian Perangkat Lunak membahas konsep-konsep dasar tentang metode pengujian, strategi pengujian, dan alat pengujian.","00:01:00","60",Kursus ini mengajarkan dasar-dasar pengujian perangkat lunak.
4,76,Pengantar Pengujian Perangkat Lunak,Informatika,"Pengantar Pengujian Perangkat Lunak membahas konsep-konsep dasar tentang metode pengujian, strategi pengujian, dan alat pengujian.","00:01:00","100",Kursus ini mengajarkan dasar-dasar pengujian perangkat lunak.
5,77,Pengantar Rekayasa Perangkat Lunak,Sipil,"Pengantar Rekayasa Perangkat Lunak membahas konsep-konsep dasar tentang analisis kebutuhan, perancangan sistem, dan pengkodean.","00:01:00","60",Kursus ini mengajarkan dasar-dasar rekayasa perangkat lunak.
11,77,Pengantar Rekayasa Perangkat Lunak,Sipil,"Pengantar Rekayasa Perangkat Lunak membahas konsep-konsep dasar tentang analisis kebutuhan, perancangan sistem, dan pengkodean.","00:01:00","60",Kursus ini mengajarkan dasar-dasar rekayasa perangkat lunak.
4,78,Dasar-dasar Bahasa Pemrograman,Mesin,"Dasar-dasar Bahasa Pemrograman membahas konsep-konsep dasar tentang sintaksis, struktur data, dan kontrol alur.","00:01:00","100",Kursus ini mengajarkan dasar-dasar bahasa pemrograman.
11,78,Dasar-dasar Bahasa Pemrograman,Mesin,"Dasar-dasar Bahasa Pemrograman membahas konsep-konsep dasar tentang sintaksis, struktur data, dan kontrol alur.","00:01:00","40",Kursus ini mengajarkan dasar-dasar bahasa pemrograman.
12,78,Dasar-dasar Bahasa Pemrograman,Mesin,"Dasar-dasar Bahasa Pemrograman membahas konsep-konsep dasar tentang sintaksis, struktur data, dan kontrol alur.","00:01:00","20",Kursus ini mengajarkan dasar-dasar bahasa pemrograman.
3,78,Dasar-dasar Bahasa Pemrograman,Mesin,"Dasar-dasar Bahasa Pemrograman membahas konsep-konsep dasar tentang sintaksis, struktur data, dan kontrol alur.","00:01:00","80",Kursus ini mengajarkan dasar-dasar bahasa pemrograman.
5,79,Pengantar Algoritma,Informatika,"Pengantar Algoritma membahas konsep-konsep dasar tentang desain algoritma, analisis kompleksitas, dan strategi algoritma.","00:01:00","40",Kursus ini mengajarkan dasar-dasar algoritma.
12,79,Pengantar Algoritma,Informatika,"Pengantar Algoritma membahas konsep-konsep dasar tentang desain algoritma, analisis kompleksitas, dan strategi algoritma.","00:01:00","20",Kursus ini mengajarkan dasar-dasar algoritma.
12,80,Pengantar Ilmu Data,Sipil,"Pengantar Ilmu Data membahas konsep-konsep dasar tentang analisis data, pemrosesan data, dan visualisasi data.","00:01:00","40",Kursus ini mengajarkan dasar-dasar ilmu data.
6,81,Pengantar Pembelajaran Mesin,Mesin,"Pengantar Pembelajaran Mesin membahas konsep-konsep dasar tentang klasifikasi, clustering, dan regresi.","00:01:00","20",Kursus ini mengajarkan dasar-dasar pembelajaran mesin.
13,81,Pengantar Pembelajaran Mesin,Mesin,"Pengantar Pembelajaran Mesin membahas konsep-konsep dasar tentang klasifikasi, clustering, dan regresi.","00:01:00","60",Kursus ini mengajarkan dasar-dasar pembelajaran mesin.
13,82,Pengantar Kecerdasan Buatan,Informatika,"Pengantar Kecerdasan Buatan membahas konsep-konsep dasar tentang logika fuzzy, jaringan syaraf tiruan, dan sistem pakar.","00:01:00","80",Kursus ini mengajarkan dasar-dasar kecerdasan buatan.
6,83,Pengantar Pengolahan Bahasa Alami,Sipil,"Pengantar Pengolahan Bahasa Alami membahas konsep-konsep dasar tentang tokenisasi, analisis sentimen, dan penerjemahan mesin.","00:01:00","40",Kursus ini mengajarkan dasar-dasar pengolahan bahasa alami.
14,83,Pengantar Pengolahan Bahasa Alami,Sipil,"Pengantar Pengolahan Bahasa Alami membahas konsep-konsep dasar tentang tokenisasi, analisis sentimen, dan penerjemahan mesin.","00:01:00","100",Kursus ini mengajarkan dasar-dasar pengolahan bahasa alami.
14,84,Pengantar Pengenalan Pola,Mesin,"Pengantar Pengenalan Pola membahas konsep-konsep dasar tentang ekstraksi fitur, klasifikasi pola, dan pengenalan objek.","00:01:00","80",Kursus ini mengajarkan dasar-dasar pengenalan pola.
7,85,Pengantar Komputasi Awan,Informatika,"Pengantar Komputasi Awan membahas konsep-konsep dasar tentang infrastruktur awan, layanan awan, dan manajemen awan.","00:01:00","60",Kursus ini mengajarkan dasar-dasar komputasi awan.
15,85,Pengantar Komputasi Awan,Informatika,"Pengantar Komputasi Awan membahas konsep-konsep dasar tentang infrastruktur awan, layanan awan, dan manajemen awan.","00:01:00","60",Kursus ini mengajarkan dasar-dasar komputasi awan.
15,86,Pengantar Keamanan Informasi,Sipil,"Pengantar Keamanan Informasi membahas konsep-konsep dasar tentang enkripsi, pengelolaan identitas, dan ancaman keamanan.","00:01:00","40",Kursus ini mengajarkan dasar-dasar keamanan informasi.
7,87,Pengantar Manajemen Proyek TI,Mesin,"Pengantar Manajemen Proyek TI membahas konsep-konsep dasar tentang perencanaan proyek, pengendalian proyek, dan manajemen risiko.","00:01:00","80",Kursus ini mengajarkan dasar-dasar manajemen proyek TI.
20,87,Pengantar Manajemen Proyek TI,Mesin,"Pengantar Manajemen Proyek TI membahas konsep-konsep dasar tentang perencanaan proyek, pengendalian proyek, dan manajemen risiko.","00:01:00","40",Kursus ini mengajarkan dasar-dasar manajemen proyek TI.
16,87,Pengantar Manajemen Proyek TI,Mesin,"Pengantar Manajemen Proyek TI membahas konsep-konsep dasar tentang perencanaan proyek, pengendalian proyek, dan manajemen risiko.","00:01:00","20",Kursus ini mengajarkan dasar-dasar manajemen proyek TI.
17,87,Pengantar Manajemen Proyek TI,Mesin,"Pengantar Manajemen Proyek TI membahas konsep-konsep dasar tentang perencanaan proyek, pengendalian proyek, dan manajemen risiko.","00:01:00","80",Kursus ini mengajarkan dasar-dasar manajemen proyek TI.
16,88,Pengantar E-Commerce,Informatika,"Pengantar E-Commerce membahas konsep-konsep dasar tentang transaksi online, model bisnis e-commerce, dan strategi pemasaran digital.","00:01:00","40",Kursus ini mengajarkan dasar-dasar e-commerce.
8,89,Pengantar Desain UX,Sipil,"Pengantar Desain UX membahas konsep-konsep dasar tentang penelitian pengguna, wireframing, dan pengujian pengguna.","00:01:00","100",Kursus ini mengajarkan dasar-dasar desain UX.
17,89,Pengantar Desain UX,Sipil,"Pengantar Desain UX membahas konsep-konsep dasar tentang penelitian pengguna, wireframing, dan pengujian pengguna.","00:01:00","60",Kursus ini mengajarkan dasar-dasar desain UX.
12,89,Pengantar Desain UX,Sipil,"Pengantar Desain UX membahas konsep-konsep dasar tentang penelitian pengguna, wireframing, dan pengujian pengguna.","00:01:00","40",Kursus ini mengajarkan dasar-dasar desain UX.
17,90,Pengantar Desain UI,Mesin,"Pengantar Desain UI membahas konsep-konsep dasar tentang tata letak, warna, dan tipografi.","00:01:00","80",Kursus ini mengajarkan dasar-dasar desain UI.
8,91,Pengantar Grafika Komputer,Informatika,"Pengantar Grafika Komputer membahas konsep-konsep dasar tentang rendering, animasi, dan visualisasi.","00:01:00","80",Kursus ini mengajarkan dasar-dasar grafika komputer.
18,91,Pengantar Grafika Komputer,Informatika,"Pengantar Grafika Komputer membahas konsep-konsep dasar tentang rendering, animasi, dan visualisasi.","00:01:00","100",Kursus ini mengajarkan dasar-dasar grafika komputer.
18,92,Pengantar Desain Game,Sipil,"Pengantar Desain Game membahas konsep-konsep dasar tentang gameplay, level design, dan narrative.","00:01:00","80",Kursus ini mengajarkan dasar-dasar desain game.
14,92,Pengantar Desain Game,Sipil,"Pengantar Desain Game membahas konsep-konsep dasar tentang gameplay, level design, dan narrative.","00:01:00","100",Kursus ini mengajarkan dasar-dasar desain game.
9,93,Pengantar Animasi,Mesin,"Pengantar Animasi membahas konsep-konsep dasar tentang gerak, karakter, dan efek visual.","00:01:00","60",Kursus ini mengajarkan dasar-dasar animasi.
19,93,Pengantar Animasi,Mesin,"Pengantar Animasi membahas konsep-konsep dasar tentang gerak, karakter, dan efek visual.","00:01:00","60",Kursus ini mengajarkan dasar-dasar animasi.
19,94,Pengantar Produksi Musik,Informatika,"Pengantar Produksi Musik membahas konsep-konsep dasar tentang rekaman, mixing, dan mastering.","00:01:00","40",Kursus ini mengajarkan dasar-dasar produksi musik.
9,95,Pengantar Fotografi,Sipil,"Pengantar Fotografi membahas konsep-konsep dasar tentang komposisi, pencahayaan, dan teknik pengambilan gambar.","00:01:00","40",Kursus ini mengajarkan dasar-dasar fotografi.
20,95,Pengantar Fotografi,Sipil,"Pengantar Fotografi membahas konsep-konsep dasar tentang komposisi, pencahayaan, dan teknik pengambilan gambar.","00:01:00","20",Kursus ini mengajarkan dasar-dasar fotografi.
20,96,Pengantar Seni Digital,Mesin,"Pengantar Seni Digital membahas konsep-konsep dasar tentang lukisan digital, ilustrasi vektor, dan seni 3D.","00:01:00","40",Kursus ini mengajarkan dasar-dasar seni digital.
10,97,Pengantar Desain Karakter,Informatika,"Pengantar Desain Karakter membahas konsep-konsep dasar tentang karakterisasi, desain anatomi, dan ekspresi karakter.","00:01:00","20",Kursus ini mengajarkan dasar-dasar desain karakter.
1,97,Pengantar Desain Karakter,Informatika,"Pengantar Desain Karakter membahas konsep-konsep dasar tentang karakterisasi, desain anatomi, dan ekspresi karakter.","00:01:00","60",Kursus ini mengajarkan dasar-dasar desain karakter.
2,97,Pengantar Desain Karakter,Informatika,"Pengantar Desain Karakter membahas konsep-konsep dasar tentang karakterisasi, desain anatomi, dan ekspresi karakter.","00:01:00","40",Kursus ini mengajarkan dasar-dasar desain karakter.
1,98,Pengantar Desain Produk,Sipil,"Pengantar Desain Produk membahas konsep-konsep dasar tentang ideation, prototyping, dan evaluasi produk.","00:01:00","40",Kursus ini mengajarkan dasar-dasar desain produk.
10,99,Pengantar Desain Interior,Mesin,"Pengantar Desain Interior membahas konsep-konsep dasar tentang tata letak ruang, pemilihan furnitur, dan pencahayaan.","00:01:00","40",Kursus ini mengajarkan dasar-dasar desain interior.
2,99,Pengantar Desain Interior,Mesin,"Pengantar Desain Interior membahas konsep-konsep dasar tentang tata letak ruang, pemilihan furnitur, dan pencahayaan.","00:01:00","20",Kursus ini mengajarkan dasar-dasar desain interior.
11,99,Pengantar Desain Interior,Mesin,"Pengantar Desain Interior membahas konsep-konsep dasar tentang tata letak ruang, pemilihan furnitur, dan pencahayaan.","00:01:00","40",Kursus ini mengajarkan dasar-dasar desain interior.
2,100,Pengantar Desain Fashion,Informatika,"Pengantar Desain Fashion membahas konsep-konsep dasar tentang pola pakaian, teknik jahit, dan tren fashion.","00:01:00","40",Kursus ini mengajarkan dasar-dasar desain fashion.
14,100,Pengantar Desain Fashion,Informatika,"Pengantar Desain Fashion membahas konsep-konsep dasar tentang pola pakaian, teknik jahit, dan tren fashion.","00:01:00","80",Kursus ini mengajarkan dasar-dasar desain fashion.
11,101,Pengantar Seni Rupa,Sipil,"Pengantar Seni Rupa membahas konsep-konsep dasar tentang lukisan, patung, dan seni instalasi.","00:01:00","60",Kursus ini mengajarkan dasar-dasar seni rupa.
3,101,Pengantar Seni Rupa,Sipil,"Pengantar Seni Rupa membahas konsep-konsep dasar tentang lukisan, patung, dan seni instalasi.","00:01:00","60",Kursus ini mengajarkan dasar-dasar seni rupa.
15,101,Pengantar Seni Rupa,Sipil,"Pengantar Seni Rupa membahas konsep-konsep dasar tentang lukisan, patung, dan seni instalasi.","00:01:00","60",Kursus ini mengajarkan dasar-dasar seni rupa.
3,102,Pengantar Sejarah Seni,Mesin,Pengantar Sejarah Seni membahas perkembangan seni dari zaman prasejarah hingga kontemporer.,"00:01:00","80",Kursus ini mengajarkan dasar-dasar sejarah seni.
11,103,Pengantar Estetika,Informatika,"Pengantar Estetika membahas konsep-konsep dasar tentang keindahan, rasa, dan kreativitas.","00:01:00","40",Kursus ini mengajarkan dasar-dasar estetika.
4,103,Pengantar Estetika,Informatika,"Pengantar Estetika membahas konsep-konsep dasar tentang keindahan, rasa, dan kreativitas.","00:01:00","100",Kursus ini mengajarkan dasar-dasar estetika.
15,103,Pengantar Estetika,Informatika,"Pengantar Estetika membahas konsep-konsep dasar tentang keindahan, rasa, dan kreativitas.","00:01:00","40",Kursus ini mengajarkan dasar-dasar estetika.
4,104,Pengantar Kritik Seni,Sipil,Pengantar Kritik Seni membahas pendekatan dan metodologi dalam menganalisis dan mengevaluasi karya seni.,"00:01:00","80",Kursus ini mengajarkan dasar-dasar kritik seni.
16,104,Pengantar Kritik Seni,Sipil,Pengantar Kritik Seni membahas pendekatan dan metodologi dalam menganalisis dan mengevaluasi karya seni.,"00:01:00","20",Kursus ini mengajarkan dasar-dasar kritik seni.
12,105,Pengantar Drama,Mesin,"Pengantar Drama membahas unsur-unsur drama, struktur naratif, dan teknik pementasan.","00:01:00","20",Kursus ini mengajarkan dasar-dasar drama.
5,105,Pengantar Drama,Mesin,"Pengantar Drama membahas unsur-unsur drama, struktur naratif, dan teknik pementasan.","00:01:00","60",Kursus ini mengajarkan dasar-dasar drama.
5,106,Pengantar Sinematografi,Informatika,"Pengantar Sinematografi membahas teknik-teknik pembuatan film, komposisi visual, dan penyuntingan gambar.","00:01:00","40",Kursus ini mengajarkan dasar-dasar sinematografi.
12,107,Pengantar Musikologi,Sipil,"Pengantar Musikologi membahas konsep-konsep dasar tentang sejarah musik, analisis musik, dan teori musik.","00:01:00","40",Kursus ini mengajarkan dasar-dasar musikologi.
6,107,Pengantar Musikologi,Sipil,"Pengantar Musikologi membahas konsep-konsep dasar tentang sejarah musik, analisis musik, dan teori musik.","00:01:00","20",Kursus ini mengajarkan dasar-dasar musikologi.
13,108,Pengantar Penulisan Kreatif,Mesin,"Pengantar Penulisan Kreatif membahas teknik-teknik penulisan fiksi, non-fiksi, dan puisi.","00:01:00","60",Kursus ini mengajarkan dasar-dasar penulisan kreatif.
6,108,Pengantar Penulisan Kreatif,Mesin,"Pengantar Penulisan Kreatif membahas teknik-teknik penulisan fiksi, non-fiksi, dan puisi.","00:01:00","40",Kursus ini mengajarkan dasar-dasar penulisan kreatif.
